{"count":1,"self":1759.6067839999998,"total":60739.802057299996,"children":{"InitializeActuators":{"count":50,"self":0.0019687999999999997,"total":0.0019687999999999997,"children":null},"InitializeSensors":{"count":50,"self":0.000996,"total":0.000996,"children":null},"AgentSendState":{"count":2332384,"self":101.8631424,"total":3458.8701609,"children":{"CollectObservations":{"count":58309575,"self":583.1432192,"total":583.1432229,"children":null},"WriteActionMask":{"count":58309575,"self":2250.1392384,"total":2250.139244,"children":null},"RequestDecision":{"count":58309575,"self":75.51696,"total":523.7245532,"children":{"AgentInfo.ToProto":{"count":58309575,"self":138.9635456,"total":448.2075903,"children":{"GenerateSensorData":{"count":58309575,"self":309.24405759999996,"total":309.2440451,"children":null}}}}}}},"DecideAction":{"count":2332384,"self":50887.8094336,"total":50887.8096369,"children":null},"AgentAct":{"count":2332384,"self":4627.361792,"total":4633.5115648,"children":{"AgentInfo.ToProto":{"count":526084,"self":2.2454408,"total":6.1498962,"children":{"GenerateSensorData":{"count":526084,"self":3.9044551999999997,"total":3.9044554,"children":null}}}}}},"gauges":{"AiAgent.CumulativeReward":{"count":526084,"max":1,"min":-1,"runningAverage":4.70678739E-11,"value":-1,"weightedAverage":-0.142857134}},"metadata":{"timer_format_version":"0.1.0","start_time_seconds":"1658415359","unity_version":"2021.3.6f1","command_line_arguments":"D:\\Program Files\\Unity\\Hub\\Editor\\2021.3.6f1\\Editor\\Unity.exe -projectpath D:\\FearIndigo\\Games\\DiceCheckers -useHub -hubIPC -cloudEnvironment production -licensingIpc LicenseClient-Joseph -hubSessionId cd51a360-0660-11ed-981c-91bef7824e65 -accessToken 7jLxwKCNIFkxpOYwzmdrdKywYXE-G6fxDo3CGdVw_js00ff","communication_protocol_version":"1.5.0","com.unity.ml-agents_version":"2.0.1","scene_name":"Game_Training","end_time_seconds":"1658476099"}}