{"count":1,"self":161.695104,"total":6542.2072359999993,"children":{"InitializeActuators":{"count":50,"self":0.00096979999999999994,"total":0.00096979999999999994,"children":null},"InitializeSensors":{"count":50,"self":0.0019941,"total":0.0019941,"children":null},"AgentSendState":{"count":140434,"self":5.9405924,"total":208.8479458,"children":{"CollectObservations":{"count":3510825,"self":33.440726399999996,"total":33.4407266,"children":null},"WriteActionMask":{"count":3510825,"self":141.72888319999998,"total":141.7288783,"children":null},"RequestDecision":{"count":3510825,"self":4.5945399999999994,"total":27.737748399999997,"children":{"AgentInfo.ToProto":{"count":3510825,"self":8.0830512,"total":23.1432085,"children":{"GenerateSensorData":{"count":3510825,"self":15.0601568,"total":15.0601573,"children":null}}}}}}},"DecideAction":{"count":140434,"self":5856.1454079999994,"total":5856.1453449,"children":null},"AgentAct":{"count":140434,"self":315.41102079999996,"total":315.515878,"children":{"AgentInfo.ToProto":{"count":9742,"self":0.0478974,"total":0.1048659,"children":{"GenerateSensorData":{"count":9742,"self":0.0569685,"total":0.0569685,"children":null}}}}}},"gauges":{"AiAgent.CumulativeReward":{"count":9742,"max":1,"min":-1,"runningAverage":5.66332675E-11,"value":0,"weightedAverage":-0.0006264122}},"metadata":{"timer_format_version":"0.1.0","start_time_seconds":"1658233894","unity_version":"2021.3.6f1","command_line_arguments":"D:\\Program Files\\Unity\\Hub\\Editor\\2021.3.6f1\\Editor\\Unity.exe -projectpath D:\\FearIndigo\\Games\\DiceCheckers -useHub -hubIPC -cloudEnvironment production -licensingIpc LicenseClient-Joseph -hubSessionId cd51a360-0660-11ed-981c-91bef7824e65 -accessToken 7jLxwKCNIFkxpOYwzmdrdKywYXE-G6fxDo3CGdVw_js00ff","communication_protocol_version":"1.5.0","com.unity.ml-agents_version":"2.0.1","scene_name":"Game_Training","end_time_seconds":"1658240436"}}