{"count":1,"self":2813.1774464,"total":104650.8063117,"children":{"InitializeActuators":{"count":50,"self":0.0009962,"total":0.0009962,"children":null},"InitializeSensors":{"count":50,"self":0.00099629999999999988,"total":0.00099629999999999988,"children":null},"AgentSendState":{"count":4030017,"self":178.616128,"total":6167.4764919,"children":{"CollectObservations":{"count":100750400,"self":973.7531392,"total":973.7531806,"children":null},"WriteActionMask":{"count":100750400,"self":4195.5102719999995,"total":4195.5103322999994,"children":null},"RequestDecision":{"count":100750400,"self":130.4558592,"total":819.5968481,"children":{"AgentInfo.ToProto":{"count":100750400,"self":239.101568,"total":689.14098919999992,"children":{"GenerateSensorData":{"count":100750400,"self":450.0393984,"total":450.039423,"children":null}}}}}}},"DecideAction":{"count":4030017,"self":87473.3174784,"total":87473.3154945,"children":null},"AgentAct":{"count":4030017,"self":8187.0569472,"total":8196.8348594,"children":{"AgentInfo.ToProto":{"count":872956,"self":3.9265643999999997,"total":9.7775176999999989,"children":{"GenerateSensorData":{"count":872956,"self":5.8509531999999993,"total":5.8509531999999993,"children":null}}}}}},"gauges":{"AiAgent.CumulativeReward":{"count":872956,"max":1,"min":-1,"runningAverage":9.671074E-11,"value":-1,"weightedAverage":-0.142857134}},"metadata":{"timer_format_version":"0.1.0","start_time_seconds":"1658308948","unity_version":"2021.3.6f1","command_line_arguments":"D:\\Program Files\\Unity\\Hub\\Editor\\2021.3.6f1\\Editor\\Unity.exe -projectpath D:\\FearIndigo\\Games\\DiceCheckers -useHub -hubIPC -cloudEnvironment production -licensingIpc LicenseClient-Joseph -hubSessionId cd51a360-0660-11ed-981c-91bef7824e65 -accessToken 7jLxwKCNIFkxpOYwzmdrdKywYXE-G6fxDo3CGdVw_js00ff","communication_protocol_version":"1.5.0","com.unity.ml-agents_version":"2.0.1","scene_name":"MainMenu","end_time_seconds":"1658413598"}}